{
    "loss": 7.473287105560303,
    "accuracy": 0.4313725531101227
}